{
"ball_coord": {
"X": 0.018045180498514224,
"Y": 0.0028868737559727678
},
"robot_coord": {
"X": -1.6799992706085787,
"Y": 1.4157790040813106e-06
},
"robot_current_state": "watch_Ball_In_Pose",
"duty_direction": 0
}