{
"ball_coord": {
"X": 0.7462931726278978,
"Y": -0.32502791484846155
},
"robot_coord": {
"X": -1.43781330985993,
"Y": -0.043984972930243095
},
"robot_current_state": "watch_Ball_In_Pose",
"duty_direction": 0
}