{
"ball_coord": {
"X": -0.0019173572627348978,
"Y": -0.0026422280499781
},
"robot_coord": {
"X": -1.6799992706085787,
"Y": 1.4157790040813106e-06
},
"robot_current_state": "watch_Ball_In_Pose",
"duty_direction": 0
}