{
"ball_coord": {
"X": -0.017202762486419054,
"Y": -0.0035956237807375528
},
"robot_coord": {
"X": -1.6799992706085787,
"Y": 1.4157790040813106e-06
},
"robot_current_state": "watch_Ball_In_Pose",
"duty_direction": 0
}