{
"ball_coord": {
"X": 0.37690453545785907,
"Y": -0.16101697050246336
},
"robot_coord": {
"X": -1.6799992706085787,
"Y": 1.4157790040813106e-06
},
"robot_current_state": "watch_Ball_In_Pose",
"duty_direction": 0
}