{
"ball_coord": {
"X": 0.030245535961114456,
"Y": -0.00225456504865932
},
"robot_coord": {
"X": -1.6799992706085787,
"Y": 1.4157790040813106e-06
},
"robot_current_state": "watch_Ball_In_Pose",
"duty_direction": 0
}