{
"ball_coord": {
"X": -0.006337669169345972,
"Y": 0.6487350117068515
},
"robot_coord": {
"X": -0.6738145933088248,
"Y": 0.7194001568502534
},
"robot_current_state": "Initial_Pose"
}