{
"ball_coord": {
"X": 0.006456660786279267,
"Y": 0.6679734244481885
},
"robot_coord": {
"X": -1.3284009516969928,
"Y": 1.093053219652925
},
"robot_current_state": "goalkeeper turn_To_Course(0)"
}